{"cameraMode":{"drawMode":0,"name":"Shaded","section":"Shading Mode"},"sceneLighting":true,"audioPlay":false,"sceneViewState":{"m_AlwaysRefresh":false,"showFog":true,"showSkybox":true,"showFlares":true,"showImageEffects":true,"showParticleSystems":true,"showVisualEffectGraphs":true,"m_FxEnabled":true},"in2DMode":false,"pivot":{"x":-3.7615349292755129,"y":3.064338207244873,"z":0.32214096188545229},"rotation":{"x":0.011817767284810543,"y":0.6827405095100403,"z":-0.010640840977430344,"w":0.7306409478187561},"size":0.3121699094772339,"orthographic":false}