{"cameraMode":{"drawMode":0,"name":"Shaded","section":"Shading Mode"},"sceneLighting":true,"audioPlay":false,"sceneViewState":{"m_AlwaysRefresh":false,"showFog":true,"showSkybox":true,"showFlares":true,"showImageEffects":true,"showParticleSystems":true,"showVisualEffectGraphs":true,"m_FxEnabled":true},"in2DMode":false,"pivot":{"x":2.1567506790161135,"y":-2.9150381088256838,"z":3.08990478515625},"rotation":{"x":0.35482272505760195,"y":0.34163039922714236,"z":-0.1411745399236679,"w":0.8587982654571533},"size":7.5096306800842289,"orthographic":false}